summary,value
total_data_rows,96
already_has_branch_code,1
filled_branch_code,93
blank_branch_name_rows_skipped,2
ambiguous_rows,0
unmatched_rows,0

filled_rows
csv_row_number,main_branch_code,branch_name,filled_cost_center,match_method,matched_costcenter_name
3,163,(ย่อย 1) สวนแตง,2000935,main_branch_code + branch_name,(ย่อย 5) สวนแตง | ย่อย สวนแตง
4,131,(ย่อย 1) ถนนสมเด็จพระเจ้าตากสิน ซอย 6 กรุงเทพฯ,2002023,main_branch_code + branch_name,(ย่อย 1) ถนนสมเด็จพระเจ้าตากสิน ซอย 6 กรุงเทพฯ | ย่อย ถนนสมเด็จพระเจ้าตากสิน ซอย 6 กรุงเทพฯ
5,26,(ย่อย 7) ผักไห่,2000413,main_branch_code + branch_name,(ย่อย 14) ผักไห่ | ย่อย ผักไห่
6,178,(ศ.5) ศูนย์ฯ บ้านปรือพันไถ,2004270,main_branch_code + branch_name,(ศ.8) ศูนย์ฯ บ้านปรือพันไถ (ย.4) | ศูนย์ฯ บ้านปรือพันไถ
7,96,(ย่อย 5) หน้าบิ๊กซีวารินชำราบ,2002301,main_branch_code + branch_name,(ย่อย 1) หน้าบิ๊กซีวารินชำราบ | ย่อย หน้าบิ๊กซีวารินชำราบ
8,221,(ย่อย 4) ตลาดท่าเรือพระแท่น,2001746,main_branch_code + branch_name,(ย่อย 7) ตลาดท่าเรือพระแท่น | ย่อย ตลาดท่าเรือพระแท่น
9,16,(ย่อย 6) วงเวียนห้วยไผ่ (ราชบุรี),2003576,main_branch_code + branch_name,(ย่อย 15) วงเวียนห้วยไผ่ (ราชบุรี) | ย่อย วงเวียนห้วยไผ่ (ราชบุรี)
10,104,(ย่อย 13) ซอยวัดทอง สมุทรสาคร,2008546,main_branch_code + branch_name,(ย่อย 1) ซอยวัดทอง สมุทรสาคร | ย่อย ซอยวัดทอง สมุทรสาคร
11,63,(ย่อย 4) แม่จะเรา,2000149,main_branch_code + branch_name,(ย่อย 10) แม่จะเรา | ย่อย แม่จะเรา
12,342,(ศ.7) ศูนย์ฯ ตลาดสดสี่แยกปฐมพร,2006186,main_branch_code + branch_name,(ศ.3) ศูนย์ฯ ตลาดสดสี่แยกปฐมพร (ย.7) | ศูนย์ฯ ตลาดสดสี่แยกปฐมพร
13,177,(ศ.10) ศูนย์ฯ บ้านมะเกลือ,2007595,main_branch_code + branch_name,(ศ.1) ศูนย์ฯ บ้านมะเกลือ (ย.9) | ศูนย์ฯ บ้านมะเกลือ
14,232,(ศ.8) ศูนย์ฯ บ้านโคกปรือ,2005452,main_branch_code + branch_name,(ศ.12) ศูนย์ฯ บ้านโคกปรือ (ย.4) | ศูนย์ฯ บ้านโคกปรือ
15,321,(ย่อย 8) พระธาตุผาแดง,2002655,main_branch_code + branch_name,(ย่อย 7) พระธาตุผาแดง | ย่อย พระธาตุผาแดง
16,302,(ย่อย 6) หนองดี,2002014,main_branch_code + branch_name,(ย่อย 15) หนองดี | ย่อย หนองดี
17,207,(ศ.3) ศูนย์ฯ นิคมอุตสาหกรรมเอ็มเอ็มซี,2005560,main_branch_code + branch_name,(ศ.4) ศูนย์ฯ นิคมอุตสาหกรรมเอ็มเอ็มซี (ย.3) | ศูนย์ฯ นิคมอุตสาหกรรมเอ็มเอ็มซี
18,18,(ย่อย 15) พระนครเหนือ (ปราจีนบุรี),2005912,main_branch_code + branch_name,(ย่อย 3) พระนครเหนือ (ปราจีนบุรี) | ย่อย พระนครเหนือ (ปราจีนบุรี)
19,152,(ศ.11) ศูนย์ฯ หน้าสำนักงานขนส่งอำเภอแม่แตง,2008351,main_branch_code + branch_name,(ศ.7) ศูนย์ฯ หน้าสำนักงานขนส่งอำเภอแม่แตง (ย.2) | ศูนย์ฯ หน้าสำนักงานขนส่งอำเภอแม่แตง
20,113,(ย่อย 14) กระต่ายเต้น,2005181,main_branch_code + branch_name,(ย่อย 16) กระต่ายเต้น | ย่อย กระต่ายเต้น
21,217,(ศ.8) ศูนย์ฯ บ้านวังเป็ด,2005188,main_branch_code + branch_name,(ศ.5) ศูนย์ฯ บ้านวังเป็ด (ย.1) | ศูนย์ฯ บ้านวังเป็ด
22,133,(ย่อย 11) ถนนสาธุประดิษฐ์ ซอย 49 กรุงเทพฯ,2005120,main_branch_code + branch_name,(ย่อย 2) ถนนสาธุประดิษฐ์ ซอย 49 กรุงเทพฯ | ย่อย ถนนสาธุประดิษฐ์ ซอย 49 กรุงเทพฯ
23,342,(ศ.10) ศูนย์ฯ สี่แยกตลาดเก่าสวี,2008025,main_branch_code + branch_name,(ศ.4) ศูนย์ฯ สี่แยกตลาดเก่าสวี (ย.4) | ศูนย์ฯ สี่แยกตลาดเก่าสวี
24,160,(ศ.6) ศูนย์ฯ ตำบลศรีสุนทร,2005157,main_branch_code + branch_name,(ศ.8) ศูนย์ฯ ตำบลศรีสุนทร (ย.8) | ศูนย์ฯ ตำบลศรีสุนทร
25,197,(ย่อย 7) สุขสวัสดิ์ 76,2002347,main_branch_code + branch_name,(ย่อย 16) สุขสวัสดิ์ 76 | ย่อย สุขสวัสดิ์ 76
26,150,(ย่อย 4) หลัก ก.ม.18,2002636,main_branch_code + branch_name,(ย่อย 2) หลัก ก.ม.18 | ย่อย หลัก ก.ม.18
27,62,(ศ.2) ศูนย์ฯ ถนนสุขุมวิทพัทยาเหนือ,2001852,main_branch_code + branch_name,(ศ.5) ศูนย์ฯ ถนนสุขุมวิทพัทยาเหนือ (ย.4) | ศูนย์ฯ ถนนสุขุมวิทพัทยาเหนือ
28,218,(ศ.10) ศูนย์ฯ บ้านนาบัว,2004784,main_branch_code + branch_name,(ศ.8) ศูนย์ฯ บ้านนาบัว (ย.11) | ศูนย์ฯ บ้านนาบัว
29,349,(ศ.11) ศูนย์ฯ บ้านโคก (โคกโพธิ์ไชย),2008329,main_branch_code + branch_name,(ศ.6) ศูนย์ฯ บ้านโคก (โคกโพธิ์ไชย) (ย.6) | ศูนย์ฯ บ้านโคก (โคกโพธิ์ไชย)
30,385,(ย่อย 6) บ้านหนองเรือ (ป่าแขม),2008767,main_branch_code + branch_name,(ย่อย 3) บ้านหนองเรือ (ป่าแขม) | ย่อย บ้านหนองเรือ (ป่าแขม)
31,136,(ย่อย 3) ถนนโชคชัย 4 ซอย 7 กรุงเทพฯ,2002718,main_branch_code + branch_name,(ย่อย 9) ถนนโชคชัย 4 ซอย 7 กรุงเทพฯ | ย่อย ถนนโชคชัย 4 ซอย 7 กรุงเทพฯ
32,221,(ย่อย 3) วังศาลา,2001806,main_branch_code + branch_name,(ย่อย 1) วังศาลา | ย่อย วังศาลา
33,235,(ศ.6) ศูนย์ฯ บ้านเขาหญ้านาง,2004859,main_branch_code + branch_name,(ศ.8) ศูนย์ฯ บ้านเขาหญ้านาง (ย.6) | ศูนย์ฯ บ้านเขาหญ้านาง
34,245,(ย่อย 10) บ้านทวน,2005759,main_branch_code + branch_name,(ย่อย 10) บ้านทวน | ย่อย บ้านทวน
35,103,(ย่อย 3) ดอนตาล,2001545,main_branch_code + branch_name,(ย่อย 5) ดอนตาล | ย่อย ดอนตาล
36,245,(ย่อย 2) ห้วยกระเจา,2001677,main_branch_code + branch_name,(ย่อย 6) ห้วยกระเจา | ย่อย ห้วยกระเจา
37,83,(ศ.15) ศูนย์ฯ หน้าโรงเรียนบ้านดวนใหญ่,2008877,main_branch_code + branch_name,(ศ.9) ศูนย์ฯ หน้าโรงเรียนบ้านดวนใหญ่ (ย.9) | ศูนย์ฯ หน้าโรงเรียนบ้านดวนใหญ่
38,295,(ย่อย 9) สระยายโสม,2000932,main_branch_code + branch_name,(ย่อย 22) สระยายโสม | ย่อย สระยายโสม
39,389,(ย่อย 7) บ้านกุดเรือคำ,2002194,main_branch_code + branch_name,(ย่อย 8) บ้านกุดเรือคำ | ย่อย บ้านกุดเรือคำ
40,49,(ย่อย 16) โคกหัวช้าง,2007672,main_branch_code + branch_name,(ย่อย 5) โคกหัวช้าง | ย่อย โคกหัวช้าง
41,185,(ศ.6) ศูนย์ฯ สี่แยกไฟแดงสะพานดำ,2005724,main_branch_code + branch_name,(ศ.1) ศูนย์ฯ สี่แยกไฟแดงสะพานดำ (ย.12) | ศูนย์ฯ สี่แยกไฟแดงสะพานดำ
42,49,(ย่อย 4) ถนนธานี,2002598,main_branch_code + branch_name,(ย่อย 3) ถนนธานี | ย่อย ถนนธานี
43,85,(ย่อย 3) หนองน้ำใส,2001159,main_branch_code + branch_name,(ย่อย 9) หนองน้ำใส | ย่อย หนองน้ำใส
44,316,(ย่อย 2) คำเขื่อนแก้ว,2000879,main_branch_code + branch_name,(ย่อย 7) คำเขื่อนแก้ว | ย่อย คำเขื่อนแก้ว
45,131,ถนนลาดหญ้า วงเวียนใหญ่,2001727,main_branch_code + branch_name,ถนนลาดหญ้า วงเวียนใหญ่ | ถนนลาดหญ้า วงเวียนใหญ่
46,107,(ย่อย 5) รังกาใหญ่,2001496,main_branch_code + branch_name,(ย่อย 11) รังกาใหญ่ | ย่อย รังกาใหญ่
47,302,(ศ.9) ศูนย์ฯ กุแหระ,2008625,main_branch_code + branch_name,(ศ.7) ศูนย์ฯ กุแหระ (ย.1) | ศูนย์ฯ กุแหระ
48,106,(ศ.2) ศูนย์ฯ นาท่อม,2003849,main_branch_code + branch_name,(ศ.2) ศูนย์ฯ นาท่อม (ย.3) | ศูนย์ฯ นาท่อม
49,301,หนองโพ (บ้านโป่ง),2001409,main_branch_code + branch_name,หนองโพ (บ้านโป่ง) | หนองโพ (บ้านโป่ง)
50,306,(ย่อย 8) ชัยพฤกษ์,2001291,main_branch_code + branch_name,(ย่อย 5) ชัยพฤกษ์ | ย่อย ชัยพฤกษ์
51,316,(ศ.4) ศูนย์ฯ บ้านพนมไพร,2005962,main_branch_code + branch_name,(ศ.8) ศูนย์ฯ บ้านพนมไพร (ย.3) | ศูนย์ฯ บ้านพนมไพร
52,179,(ศ.2) ศูนย์ฯ บ้านดงใหญ่,2003782,main_branch_code + branch_name,(ศ.4) ศูนย์ฯ บ้านดงใหญ่ (ย.2) | ศูนย์ฯ บ้านดงใหญ่
53,39,(ศ.16) ศูนย์ฯ บ้านจอมศรี,2008783,main_branch_code + branch_name,(ศ.10) ศูนย์ฯ บ้านจอมศรี (ย.6) | ศูนย์ฯ บ้านจอมศรี
54,143,(ย่อย 5) ถนนพิชัย กรุงเทพฯ,2002454,main_branch_code + branch_name,(ย่อย 6) ถนนพิชัย กรุงเทพฯ | ย่อย ถนนพิชัย กรุงเทพฯ
55,171,(ย่อย 1) วังสามหมอ,2000572,main_branch_code + branch_name,(ย่อย 1) วังสามหมอ | ย่อย วังสามหมอ
56,158,ชะอำ,2001929,main_branch_code + branch_name,ชะอำ | ชะอำ
57,348,(ศ.5) ศูนย์ฯ หาดไม้ขาว,2005105,main_branch_code + branch_name,(ศ.5) ศูนย์ฯ หาดไม้ขาว (ย.4) | ศูนย์ฯ หาดไม้ขาว
58,319,(ศ.1) ศูนย์ฯ ถนนรามอินทรา ซอย 58 กรุงเทพฯ,2006069,main_branch_code + branch_name,(ศ.3) ศูนย์ฯ ถนนรามอินทรา ซอย 58 กรุงเทพฯ (ย.2) | ศูนย์ฯ ถนนรามอินทรา ซอย 58 กรุงเทพฯ
59,379,(ย่อย 5) ดงอีจาน,2003592,main_branch_code + branch_name,(ย่อย 15) ดงอีจาน | ย่อย ดงอีจาน
60,50,(ย่อย 9) บ้านหนองขอน,2005583,main_branch_code + branch_name,(ย่อย 4) บ้านหนองขอน | ย่อย บ้านหนองขอน
61,316,(ศ.10) ศูนย์ฯ บ้านหนองแข้,2008841,main_branch_code + branch_name,(ศ.1) ศูนย์ฯ บ้านหนองแข้ (ย.9) | ศูนย์ฯ บ้านหนองแข้
62,337,(ย่อย 4) หางดง,2000045,main_branch_code + branch_name,(ย่อย 7) หางดง | ย่อย หางดง
63,9,(ย่อย 5) คลองแม่ลาย,2000687,main_branch_code + branch_name,(ย่อย 7) คลองแม่ลาย | ย่อย คลองแม่ลาย
64,340,(ย่อย 7) กรุงชิง,2005055,main_branch_code + branch_name,(ย่อย 4) กรุงชิง | ย่อย กรุงชิง
65,49,(ย่อย 4) ถนนธานี,2002598,main_branch_code + branch_name,(ย่อย 3) ถนนธานี | ย่อย ถนนธานี
66,84,(ย่อย 9) ถนนกระบี่ (โรงเรียนอำมาตย์),2005398,main_branch_code + branch_name,(ย่อย 12) ถนนกระบี่ (โรงเรียนอำมาตย์) | ย่อย ถนนกระบี่ (โรงเรียนอำมาตย์)
67,197,พระประแดง,2001791,main_branch_code + branch_name,พระประแดง | พระประแดง
68,164,(ย่อย 5) ถนนสุวินทวงศ์ (ตลาดลำผักชี) กรุงเทพฯ,2003295,main_branch_code + branch_name,(ย่อย 7) ถนนสุวินทวงศ์ (ตลาดลำผักชี) กรุงเทพฯ | ย่อย ถนนสุวินทวงศ์ (ตลาดลำผักชี) กรุงเทพฯ
69,126,(ย่อย 11) ช้างกลาง,2002211,main_branch_code + branch_name,(ย่อย 17) ช้างกลาง | ย่อย ช้างกลาง
70,295,(ย่อย 8) หนองบ่อ,2005504,main_branch_code + branch_name,(ย่อย 21) หนองบ่อ | ย่อย หนองบ่อ
71,374,ฮอด,2000046,main_branch_code + branch_name,ฮอด | ฮอด
72,271,(ย่อย 3) พนมรอก,2001817,main_branch_code + branch_name,(ย่อย 9) พนมรอก | ย่อย พนมรอก
73,334,(ย่อย 7) บ้านนาอ้อ,2003153,main_branch_code + branch_name,(ย่อย 3) บ้านนาอ้อ | ย่อย บ้านนาอ้อ
74,370,(ย่อย 5) คำเตย,2002024,main_branch_code + branch_name,(ย่อย 12) คำเตย | ย่อย คำเตย
75,165,(ศ.6) ศูนย์ฯ ดงขุย 2,2004443,main_branch_code + branch_name,(ศ.12) ศูนย์ฯ ดงขุย 2 (ย.5) | ศูนย์ฯ ดงขุย 2
76,200,(ศ.7) ศูนย์ฯ สี่แยกแพรกหา (ควนขนุน),2005384,main_branch_code + branch_name,(ศ.12) ศูนย์ฯ สี่แยกแพรกหา (ควนขนุน) (ย.9) | ศูนย์ฯ สี่แยกแพรกหา (ควนขนุน)
77,192,(ย่อย 2) แจ้ห่ม,2000129,main_branch_code + branch_name,(ย่อย 4) แจ้ห่ม | ย่อย แจ้ห่ม
78,264,(ศ.17) ศูนย์ฯ สันทรายกองงาม,2008742,main_branch_code + branch_name,(ศ.13) ศูนย์ฯ สันทรายกองงาม (ย.5) | ศูนย์ฯ สันทรายกองงาม
79,254,(ย่อย 12) คลองใหม่,2002235,main_branch_code + branch_name,(ย่อย 4) คลองใหม่ | ย่อย คลองใหม่
80,238,(ย่อย 11) วัดสระสี่เหลี่ยม,2004797,main_branch_code + branch_name,(ย่อย 4) วัดสระสี่เหลี่ยม | ย่อย วัดสระสี่เหลี่ยม
81,272,(ย่อย 1) ดอนมดแดง,2002730,main_branch_code + branch_name,(ย่อย 3) ดอนมดแดง | ย่อย ดอนมดแดง
82,252,(ย่อย 13) หมู่บ้านรินทิชา,2005730,main_branch_code + branch_name,(ย่อย 10) หมู่บ้านรินทิชา | ย่อย หมู่บ้านรินทิชา
83,277,(ย่อย 8) ทองเลื่อน,2001423,main_branch_code + branch_name,(ย่อย 14) ทองเลื่อน | ย่อย ทองเลื่อน
84,300,(ย่อย 3) บ้านเพชร,2001472,main_branch_code + branch_name,(ย่อย 9) บ้านเพชร | ย่อย บ้านเพชร
85,391,(ศ.6) ศูนย์ฯ วัดนก,2005210,main_branch_code + branch_name,(ศ.6) ศูนย์ฯ วัดนก (ย.8) | ศูนย์ฯ วัดนก
86,22,(ย่อย 2) เถิน,2000070,main_branch_code + branch_name,(ย่อย 3) เถิน | ย่อย เถิน
87,224,(ย่อย 2) ลำทะเมนชัย,2001169,main_branch_code + branch_name,(ย่อย 7) ลำทะเมนชัย | ย่อย ลำทะเมนชัย
88,120,(ศ.1) ศูนย์ฯ ภูหลวง,2000510,main_branch_code + branch_name,(ศ.5) ศูนย์ฯ ภูหลวง (ย.1) | ศูนย์ฯ ภูหลวง
89,383,เวียงสา,2000181,main_branch_code + branch_name,เวียงสา | เวียงสา
90,346,ท่าบ่อ,2000598,main_branch_code + branch_name,ท่าบ่อ | ท่าบ่อ
91,193,(ศ.8) ศูนย์ฯ บ้านโนนทอง,2005930,main_branch_code + branch_name,(ศ.14) ศูนย์ฯ บ้านโนนทอง (ย.1) | ศูนย์ฯ บ้านโนนทอง
92,350,(ศ.8) ศูนย์ฯ บ้านหนองโสน ตราด,2008366,main_branch_code + branch_name,(ศ.8) ศูนย์ฯ บ้านหนองโสน ตราด (ย.16) | ศูนย์ฯ บ้านหนองโสน ตราด
93,296,(ศ.14) ศูนย์ฯ บ้านหนองไฮ,2007321,main_branch_code + branch_name,(ศ.19) ศูนย์ฯ บ้านหนองไฮ (ย.1) | ศูนย์ฯ บ้านหนองไฮ
94,388,หนองฉาง,2000832,main_branch_code + branch_name,หนองฉาง | หนองฉาง
95,58,(ย่อย 6) ดาวเรือง - หนองแค,2002680,main_branch_code + branch_name,(ย่อย 5) ดาวเรือง - หนองแค | ย่อย ดาวเรือง - หนองแค
